<?xml version="1.0" encoding="UTF-8"?>
<metadata xml:lang="de"><Esri><CreaDate>20220524</CreaDate><CreaTime>20091900</CreaTime><ArcGISFormat>1.0</ArcGISFormat><SyncOnce>TRUE</SyncOnce><DataProperties><itemProps><itemLocation><linkage Sync="TRUE">file://\\ELEFTHERIA-PC\C$\Eleftheria_23_02_2012\Spatial_analysis2016\Lecture8_regions_and_movement\practicaldata\rivers_Asterousia_IMS_Paliou_delivered</linkage><protocol Sync="TRUE">Local Area Network</protocol></itemLocation></itemProps><copyHistory><copy source="C:\Eleftheria_23_02_2012\cretedem\data_Sarris\rivers_Asterousia_IMS_Paliou_delivered" dest="\\ELEFTHERIA-PC\C$\Eleftheria_23_02_2012\Spatial_analysis2016\Lecture8_regions_and_movement\practicaldata\rivers_Asterousia_IMS_Paliou_delivered" date="20160513" time="15125700"></copy></copyHistory></DataProperties></Esri></metadata>
